{
"lengthUnit": "mil",
"components": {
	"fields": ["COMPONENT_NO", "COMPONENT_NAME", "LAYER", "X_COORDINATE", "Y_COORDINATE", "ANGLE"],
	"rows": [
		[1, "FrontleftMotor", "T", 1960, 4380, 270],
		[2, "FrontrightMotor", "T", 2640, 4375, 90],
		[3, "MC?B", "T", 885, 2330, 0],
		[4, "PowerR", "T", 3760, 4275, 180],
		[5, "RearleftMotor", "T", 610, 4370, 270],
		[6, "RearrightMotor", "T", 4045, 4370, 90],
		[7, "U1", "T", 1345, 3080, 0],
		[8, "U2", "T", 3310, 3540, 180],
		[9, "U$1", "T", 935, 105, 0]
	]
},
"pins": {
	"fields": ["PIN_NO", "PIN_NAME", "PIN_X", "PIN_Y", "LAYER", "PIN_TYPE", "NET_NAME", "NET_TYPE", "PAD_SHAPE", "PAD_SIZEX", "PAD_SIZEY", "HOLE_SIZE", "PAD_ANGLE"],
	"rows": [
		[1, "FrontleftMotor_1", 1960, 4430, "T", "DIP", "$1N686", "", "R", 66.93, 66.93, 39.37, 270],
		[2, "FrontleftMotor_1", 1960, 4430, "B", "DIP", "$1N686", "", "R", 66.93, 66.93, 39.37, 270],
		[3, "FrontleftMotor_2", 1960, 4330, "T", "DIP", "$1N671", "", "C", 66.93, 66.93, 39.37, 270],
		[4, "FrontleftMotor_2", 1960, 4330, "B", "DIP", "$1N671", "", "C", 66.93, 66.93, 39.37, 270],
		[5, "FrontrightMotor_1", 2640, 4325, "T", "DIP", "$1N1385", "", "R", 66.93, 66.93, 39.37, 90],
		[6, "FrontrightMotor_1", 2640, 4325, "B", "DIP", "$1N1385", "", "R", 66.93, 66.93, 39.37, 90],
		[7, "FrontrightMotor_2", 2640, 4425, "T", "DIP", "$1N1391", "", "C", 66.93, 66.93, 39.37, 90],
		[8, "FrontrightMotor_2", 2640, 4425, "B", "DIP", "$1N1391", "", "C", 66.93, 66.93, 39.37, 90],
		[9, "MC?B_1", 885, 2330, "T", "DIP", "VCCL", "", "R", 65, 65, 40.2, 0],
		[10, "MC?B_1", 885, 2330, "B", "DIP", "VCCL", "", "R", 65, 65, 40.2, 0],
		[11, "MC?B_2", 985, 2330, "T", "DIP", "GNDL", "", "C", 65, 65, 40, 0],
		[12, "MC?B_2", 985, 2330, "B", "DIP", "GNDL", "", "C", 65, 65, 40, 0],
		[13, "PowerR_1", 3760, 4275, "T", "DIP", "VCCR", "", "R", 65, 65, 40.2, 180],
		[14, "PowerR_1", 3760, 4275, "B", "DIP", "VCCR", "", "R", 65, 65, 40.2, 180],
		[15, "PowerR_2", 3660, 4275, "T", "DIP", "GNDR", "", "C", 65, 65, 40, 180],
		[16, "PowerR_2", 3660, 4275, "B", "DIP", "GNDR", "", "C", 65, 65, 40, 180],
		[17, "RearleftMotor_1", 610, 4420, "T", "DIP", "$1N700", "", "R", 66.93, 66.93, 39.37, 270],
		[18, "RearleftMotor_1", 610, 4420, "B", "DIP", "$1N700", "", "R", 66.93, 66.93, 39.37, 270],
		[19, "RearleftMotor_2", 610, 4320, "T", "DIP", "$1N692", "", "C", 66.93, 66.93, 39.37, 270],
		[20, "RearleftMotor_2", 610, 4320, "B", "DIP", "$1N692", "", "C", 66.93, 66.93, 39.37, 270],
		[21, "RearrightMotor_1", 4045, 4320, "T", "DIP", "$1N1447", "", "R", 66.93, 66.93, 39.37, 90],
		[22, "RearrightMotor_1", 4045, 4320, "B", "DIP", "$1N1447", "", "R", 66.93, 66.93, 39.37, 90],
		[23, "RearrightMotor_2", 4045, 4420, "T", "DIP", "$1N1461", "", "C", 66.93, 66.93, 39.37, 90],
		[24, "RearrightMotor_2", 4045, 4420, "B", "DIP", "$1N1461", "", "C", 66.93, 66.93, 39.37, 90],
		[25, "U1_1", 823.31, 2617.49, "T", "DIP", "VCCL", "", "C", 60, 60, 36, 0],
		[26, "U1_1", 823.31, 2617.49, "B", "DIP", "VCCL", "", "C", 60, 60, 36, 0],
		[27, "U1_2", 1023.31, 2617.49, "T", "DIP", "GNDL", "", "R", 60, 60, 36, 0],
		[28, "U1_2", 1023.31, 2617.49, "B", "DIP", "GNDL", "", "R", 60, 60, 36, 0],
		[29, "U1_3", 1223.31, 2617.49, "T", "DIP", "U1_3", "", "C", 60, 60, 36, 0],
		[30, "U1_3", 1223.31, 2617.49, "B", "DIP", "U1_3", "", "C", 60, 60, 36, 0],
		[31, "U1_4", 1417.79, 2578.12, "T", "DIP", "$1N977", "", "C", 60, 60, 36, 0],
		[32, "U1_4", 1417.79, 2578.12, "B", "DIP", "$1N977", "", "C", 60, 60, 36, 0],
		[33, "U1_5", 1517.79, 2578.12, "T", "DIP", "$1N970", "", "C", 60, 60, 36, 0],
		[34, "U1_5", 1517.79, 2578.12, "B", "DIP", "$1N970", "", "C", 60, 60, 36, 0],
		[35, "U1_6", 1617.79, 2578.12, "T", "DIP", "$1N960", "", "C", 60, 60, 36, 0],
		[36, "U1_6", 1617.79, 2578.12, "B", "DIP", "$1N960", "", "C", 60, 60, 36, 0],
		[37, "U1_7", 1717.79, 2578.12, "T", "DIP", "$1N953", "", "C", 60, 60, 36, 0],
		[38, "U1_7", 1717.79, 2578.12, "B", "DIP", "$1N953", "", "C", 60, 60, 36, 0],
		[39, "U1_8", 1817.79, 2578.12, "T", "DIP", "$1N946", "", "C", 60, 60, 36, 0],
		[40, "U1_8", 1817.79, 2578.12, "B", "DIP", "$1N946", "", "C", 60, 60, 36, 0],
		[41, "U1_9", 1917.79, 2578.12, "T", "DIP", "$1N931", "", "C", 60, 60, 36, 0],
		[42, "U1_9", 1917.79, 2578.12, "B", "DIP", "$1N931", "", "C", 60, 60, 36, 0],
		[43, "U1_10", 632.36, 3160, "T", "DIP", "$1N692", "", "C", 60, 60, 36, 0],
		[44, "U1_10", 632.36, 3160, "B", "DIP", "$1N692", "", "C", 60, 60, 36, 0],
		[45, "U1_11", 632.36, 2960, "T", "DIP", "$1N700", "", "C", 60, 60, 36, 0],
		[46, "U1_11", 632.36, 2960, "B", "DIP", "$1N700", "", "C", 60, 60, 36, 0],
		[47, "U1_12", 2030, 3160, "T", "DIP", "$1N686", "", "C", 60, 60, 36, 0],
		[48, "U1_12", 2030, 3160, "B", "DIP", "$1N686", "", "C", 60, 60, 36, 0],
		[49, "U1_13", 2030, 2960, "T", "DIP", "$1N671", "", "C", 60, 60, 36, 0],
		[50, "U1_13", 2030, 2960, "B", "DIP", "$1N671", "", "C", 60, 60, 36, 0],
		[51, "U2_1", 3831.69, 4002.51, "T", "DIP", "VCCR", "", "C", 60, 60, 36, 180],
		[52, "U2_1", 3831.69, 4002.51, "B", "DIP", "VCCR", "", "C", 60, 60, 36, 180],
		[53, "U2_2", 3631.69, 4002.51, "T", "DIP", "GNDR", "", "R", 60, 60, 36, 180],
		[54, "U2_2", 3631.69, 4002.51, "B", "DIP", "GNDR", "", "R", 60, 60, 36, 180],
		[55, "U2_3", 3431.69, 4002.51, "T", "DIP", "U2_3", "", "C", 60, 60, 36, 180],
		[56, "U2_3", 3431.69, 4002.51, "B", "DIP", "U2_3", "", "C", 60, 60, 36, 180],
		[57, "U2_4", 3237.21, 4041.88, "T", "DIP", "$1N1327", "", "C", 60, 60, 36, 180],
		[58, "U2_4", 3237.21, 4041.88, "B", "DIP", "$1N1327", "", "C", 60, 60, 36, 180],
		[59, "U2_5", 3137.21, 4041.88, "T", "DIP", "$1N1317", "", "C", 60, 60, 36, 180],
		[60, "U2_5", 3137.21, 4041.88, "B", "DIP", "$1N1317", "", "C", 60, 60, 36, 180],
		[61, "U2_6", 3037.21, 4041.88, "T", "DIP", "$1N1307", "", "C", 60, 60, 36, 180],
		[62, "U2_6", 3037.21, 4041.88, "B", "DIP", "$1N1307", "", "C", 60, 60, 36, 180],
		[63, "U2_7", 2937.21, 4041.88, "T", "DIP", "$1N1300", "", "C", 60, 60, 36, 180],
		[64, "U2_7", 2937.21, 4041.88, "B", "DIP", "$1N1300", "", "C", 60, 60, 36, 180],
		[65, "U2_8", 2837.21, 4041.88, "T", "DIP", "$1N1287", "", "C", 60, 60, 36, 180],
		[66, "U2_8", 2837.21, 4041.88, "B", "DIP", "$1N1287", "", "C", 60, 60, 36, 180],
		[67, "U2_9", 2737.21, 4041.88, "T", "DIP", "$1N1281", "", "C", 60, 60, 36, 180],
		[68, "U2_9", 2737.21, 4041.88, "B", "DIP", "$1N1281", "", "C", 60, 60, 36, 180],
		[69, "U2_10", 4022.64, 3460, "T", "DIP", "$1N1447", "", "C", 60, 60, 36, 180],
		[70, "U2_10", 4022.64, 3460, "B", "DIP", "$1N1447", "", "C", 60, 60, 36, 180],
		[71, "U2_11", 4022.64, 3660, "T", "DIP", "$1N1461", "", "C", 60, 60, 36, 180],
		[72, "U2_11", 4022.64, 3660, "B", "DIP", "$1N1461", "", "C", 60, 60, 36, 180],
		[73, "U2_12", 2625, 3460, "T", "DIP", "$1N1391", "", "C", 60, 60, 36, 180],
		[74, "U2_12", 2625, 3460, "B", "DIP", "$1N1391", "", "C", 60, 60, 36, 180],
		[75, "U2_13", 2625, 3660, "T", "DIP", "$1N1385", "", "C", 60, 60, 36, 180],
		[76, "U2_13", 2625, 3660, "B", "DIP", "$1N1385", "", "C", 60, 60, 36, 180],
		[77, "U$1_3V", 2335, 205, "T", "DIP", "U$1_3V", "", "P", 61, 61, 39.36, 0],
		[78, "U$1_3V", 2335, 205, "B", "DIP", "U$1_3V", "", "P", 61, 61, 39.36, 0],
		[79, "U$1_5V", 2435, 205, "T", "DIP", "U$1_5V", "", "P", 61, 61, 39.36, 0],
		[80, "U$1_5V", 2435, 205, "B", "DIP", "U$1_5V", "", "P", 61, 61, 39.36, 0],
		[81, "U$1_A0", 2935, 205, "T", "DIP", "U$1_A0", "", "P", 61, 61, 39.36, 0],
		[82, "U$1_A0", 2935, 205, "B", "DIP", "U$1_A0", "", "P", 61, 61, 39.36, 0],
		[83, "U$1_A1", 3035, 205, "T", "DIP", "U$1_A1", "", "P", 61, 61, 39.36, 0],
		[84, "U$1_A1", 3035, 205, "B", "DIP", "U$1_A1", "", "P", 61, 61, 39.36, 0],
		[85, "U$1_A2", 3135, 205, "T", "DIP", "U$1_A2", "", "P", 61, 61, 39.36, 0],
		[86, "U$1_A2", 3135, 205, "B", "DIP", "U$1_A2", "", "P", 61, 61, 39.36, 0],
		[87, "U$1_A3", 3235, 205, "T", "DIP", "U$1_A3", "", "P", 61, 61, 39.36, 0],
		[88, "U$1_A3", 3235, 205, "B", "DIP", "U$1_A3", "", "P", 61, 61, 39.36, 0],
		[89, "U$1_A4", 3335, 205, "T", "DIP", "U$1_A4", "", "P", 61, 61, 39.36, 0],
		[90, "U$1_A4", 3335, 205, "B", "DIP", "U$1_A4", "", "P", 61, 61, 39.36, 0],
		[91, "U$1_A5", 3434.99, 205, "T", "DIP", "U$1_A5", "", "P", 61, 61, 39.36, 0],
		[92, "U$1_A5", 3434.99, 205, "B", "DIP", "U$1_A5", "", "P", 61, 61, 39.36, 0],
		[93, "U$1_AREF", 1875, 2105, "T", "DIP", "U$1_AREF", "", "P", 61, 61, 39.36, 0],
		[94, "U$1_AREF", 1875, 2105, "B", "DIP", "U$1_AREF", "", "P", 61, 61, 39.36, 0],
		[95, "U$1_D0", 3434.99, 2105, "T", "DIP", "U$1_D0", "", "P", 61, 61, 39.36, 0],
		[96, "U$1_D0", 3434.99, 2105, "B", "DIP", "U$1_D0", "", "P", 61, 61, 39.36, 0],
		[97, "U$1_D1", 3335, 2105, "T", "DIP", "U$1_D1", "", "P", 61, 61, 39.36, 0],
		[98, "U$1_D1", 3335, 2105, "B", "DIP", "U$1_D1", "", "P", 61, 61, 39.36, 0],
		[99, "U$1_D10", 2375, 2105, "T", "DIP", "$1N953", "", "P", 61, 61, 39.36, 0],
		[100, "U$1_D10", 2375, 2105, "B", "DIP", "$1N953", "", "P", 61, 61, 39.36, 0],
		[101, "U$1_D11", 2275, 2105, "T", "DIP", "$1N960", "", "P", 61, 61, 39.36, 0],
		[102, "U$1_D11", 2275, 2105, "B", "DIP", "$1N960", "", "P", 61, 61, 39.36, 0],
		[103, "U$1_D12", 2175, 2105, "T", "DIP", "$1N970", "", "P", 61, 61, 39.36, 0],
		[104, "U$1_D12", 2175, 2105, "B", "DIP", "$1N970", "", "P", 61, 61, 39.36, 0],
		[105, "U$1_D13", 2075, 2105, "T", "DIP", "$1N977", "", "P", 61, 61, 39.36, 0],
		[106, "U$1_D13", 2075, 2105, "B", "DIP", "$1N977", "", "P", 61, 61, 39.36, 0],
		[107, "U$1_D2", 3235, 2105, "T", "DIP", "$1N1327", "", "P", 61, 61, 39.36, 0],
		[108, "U$1_D2", 3235, 2105, "B", "DIP", "$1N1327", "", "P", 61, 61, 39.36, 0],
		[109, "U$1_D3", 3135, 2105, "T", "DIP", "$1N1317", "", "P", 61, 61, 39.36, 0],
		[110, "U$1_D3", 3135, 2105, "B", "DIP", "$1N1317", "", "P", 61, 61, 39.36, 0],
		[111, "U$1_D4", 3035, 2105, "T", "DIP", "$1N1307", "", "P", 61, 61, 39.36, 0],
		[112, "U$1_D4", 3035, 2105, "B", "DIP", "$1N1307", "", "P", 61, 61, 39.36, 0],
		[113, "U$1_D5", 2935, 2105, "T", "DIP", "$1N1300", "", "P", 61, 61, 39.36, 0],
		[114, "U$1_D5", 2935, 2105, "B", "DIP", "$1N1300", "", "P", 61, 61, 39.36, 0],
		[115, "U$1_D6", 2835, 2105, "T", "DIP", "$1N1287", "", "P", 61, 61, 39.36, 0],
		[116, "U$1_D6", 2835, 2105, "B", "DIP", "$1N1287", "", "P", 61, 61, 39.36, 0],
		[117, "U$1_D7", 2735, 2105, "T", "DIP", "$1N1281", "", "P", 61, 61, 39.36, 0],
		[118, "U$1_D7", 2735, 2105, "B", "DIP", "$1N1281", "", "P", 61, 61, 39.36, 0],
		[119, "U$1_D8", 2575, 2105, "T", "DIP", "$1N931", "", "P", 61, 61, 39.36, 0],
		[120, "U$1_D8", 2575, 2105, "B", "DIP", "$1N931", "", "P", 61, 61, 39.36, 0],
		[121, "U$1_D9", 2475, 2105, "T", "DIP", "$1N946", "", "P", 61, 61, 39.36, 0],
		[122, "U$1_D9", 2475, 2105, "B", "DIP", "$1N946", "", "P", 61, 61, 39.36, 0],
		[123, "U$1_GND", 1975, 2105, "T", "DIP", "U$1_GND", "", "P", 61, 61, 39.36, 0],
		[124, "U$1_GND", 1975, 2105, "B", "DIP", "U$1_GND", "", "P", 61, 61, 39.36, 0],
		[125, "U$1_GND1", 2635, 205, "T", "DIP", "U$1_GND1", "", "P", 61, 61, 39.36, 0],
		[126, "U$1_GND1", 2635, 205, "B", "DIP", "U$1_GND1", "", "P", 61, 61, 39.36, 0],
		[127, "U$1_GND2", 2535, 205, "T", "DIP", "U$1_GND2", "", "P", 61, 61, 39.36, 0],
		[128, "U$1_GND2", 2535, 205, "B", "DIP", "U$1_GND2", "", "P", 61, 61, 39.36, 0],
		[129, "U$1_IOREF", 2135, 205, "T", "DIP", "U$1_IOREF", "", "P", 61, 61, 39.36, 0],
		[130, "U$1_IOREF", 2135, 205, "B", "DIP", "U$1_IOREF", "", "P", 61, 61, 39.36, 0],
		[131, "U$1_RESERVED", 2035, 205, "T", "DIP", "U$1_RESERVED", "", "P", 61, 61, 39.36, 0],
		[132, "U$1_RESERVED", 2035, 205, "B", "DIP", "U$1_RESERVED", "", "P", 61, 61, 39.36, 0],
		[133, "U$1_RESET", 2235, 205, "T", "DIP", "U$1_RESET", "", "P", 61, 61, 39.36, 0],
		[134, "U$1_RESET", 2235, 205, "B", "DIP", "U$1_RESET", "", "P", 61, 61, 39.36, 0],
		[135, "U$1_SCL", 1675, 2105, "T", "DIP", "U$1_SCL", "", "P", 61, 61, 39.36, 0],
		[136, "U$1_SCL", 1675, 2105, "B", "DIP", "U$1_SCL", "", "P", 61, 61, 39.36, 0],
		[137, "U$1_SDA", 1775, 2105, "T", "DIP", "U$1_SDA", "", "P", 61, 61, 39.36, 0],
		[138, "U$1_SDA", 1775, 2105, "B", "DIP", "U$1_SDA", "", "P", 61, 61, 39.36, 0],
		[139, "U$1_VIN", 2735, 205, "T", "DIP", "U$1_VIN", "", "P", 61, 61, 39.36, 0],
		[140, "U$1_VIN", 2735, 205, "B", "DIP", "U$1_VIN", "", "P", 61, 61, 39.36, 0]
	]
}
}